{
  "Total" : {
    "transaction" : "Total",
    "sampleCount" : 200,
    "errorCount" : 0,
    "errorPct" : 0.0,
    "meanResTime" : 360.96000000000004,
    "medianResTime" : 348.0,
    "minResTime" : 305.0,
    "maxResTime" : 492.0,
    "pct1ResTime" : 415.8,
    "pct2ResTime" : 462.79999999999995,
    "pct3ResTime" : 480.95000000000005,
    "throughput" : 19.38548027527382,
    "receivedKBytesPerSec" : 40.834454056411744,
    "sentKBytesPerSec" : 2.4231850344092276
  },
  "HTTP Request" : {
    "transaction" : "HTTP Request",
    "sampleCount" : 200,
    "errorCount" : 0,
    "errorPct" : 0.0,
    "meanResTime" : 360.96000000000004,
    "medianResTime" : 348.0,
    "minResTime" : 305.0,
    "maxResTime" : 492.0,
    "pct1ResTime" : 415.8,
    "pct2ResTime" : 462.79999999999995,
    "pct3ResTime" : 480.95000000000005,
    "throughput" : 19.38548027527382,
    "receivedKBytesPerSec" : 40.834454056411744,
    "sentKBytesPerSec" : 2.4231850344092276
  }
}