{
  "Total" : {
    "transaction" : "Total",
    "sampleCount" : 50,
    "errorCount" : 0,
    "errorPct" : 0.0,
    "meanResTime" : 430.96,
    "medianResTime" : 397.5,
    "minResTime" : 351.0,
    "maxResTime" : 652.0,
    "pct1ResTime" : 597.3,
    "pct2ResTime" : 628.5,
    "pct3ResTime" : 652.0,
    "throughput" : 36.737692872887585,
    "receivedKBytesPerSec" : 27.76207177626745,
    "sentKBytesPerSec" : 57.4256061719324
  },
  "HTTP Request" : {
    "transaction" : "HTTP Request",
    "sampleCount" : 50,
    "errorCount" : 0,
    "errorPct" : 0.0,
    "meanResTime" : 430.96,
    "medianResTime" : 397.5,
    "minResTime" : 351.0,
    "maxResTime" : 652.0,
    "pct1ResTime" : 597.3,
    "pct2ResTime" : 628.5,
    "pct3ResTime" : 652.0,
    "throughput" : 36.737692872887585,
    "receivedKBytesPerSec" : 27.76207177626745,
    "sentKBytesPerSec" : 57.4256061719324
  }
}